capability	peer	version	direction	command	status
GET	curl	$CURL_TAG / ngtcp2 $NGTCP2_TAG / nghttp3 $NGHTTP3_TAG	peer->h3wire	curl --http3-only -sSfk -o "$OUT/body" "$H3WIRE/bytes/1048576" && echo "$SHA_1M  $OUT/body" | sha256sum -c -	mandatory
POST large body	curl	$CURL_TAG / ngtcp2 $NGTCP2_TAG / nghttp3 $NGHTTP3_TAG	peer->h3wire	out=$(curl --http3-only -sSfk --data-binary @"$POST" "$H3WIRE/sha256") && test "$out" = "$HEX_POST"	mandatory
trailers	curl	$CURL_TAG / ngtcp2 $NGTCP2_TAG / nghttp3 $NGHTTP3_TAG	peer->h3wire	curl --http3-only -sSfk -D "$OUT/headers" -o /dev/null "$H3WIRE/trailers" && grep -qi "^x-check: ok" "$OUT/headers"	mandatory
concurrent (16)	curl	$CURL_TAG / ngtcp2 $NGTCP2_TAG / nghttp3 $NGHTTP3_TAG	peer->h3wire	curl --http3-only -sSfk --parallel --parallel-max 16 -o "$OUT/#1" "$H3WIRE/bytes/1048576?n=[1-16]" && test "$(sha256sum "$OUT"/* | cut -d" " -f1 | sort | uniq -c | awk '{print $1, $2}')" = "16 $SHA_1M"	mandatory
GOAWAY	curl	$CURL_TAG / ngtcp2 $NGTCP2_TAG / nghttp3 $NGHTTP3_TAG	peer->h3wire	curl --http3-only -sSfk --parallel -o "$OUT/big" "$H3WIRE/bytes/8388608" -o "$OUT/goaway" "$H3WIRE/goaway" && echo "$SHA_8M  $OUT/big" | sha256sum -c - && test "$(cat "$OUT/goaway")" = goaway	mandatory
GET	ngtcp2	ngtcp2 $NGTCP2_TAG / nghttp3 $NGHTTP3_TAG	peer->h3wire	ngtcp2-client -q --exit-on-all-streams-close --download="$OUT" h3wire 4433 "$H3WIRE/bytes/1048576" && echo "$SHA_1M  $OUT/1048576" | sha256sum -c -	mandatory
POST large body	ngtcp2	ngtcp2 $NGTCP2_TAG / nghttp3 $NGHTTP3_TAG	peer->h3wire	ngtcp2-client -q --exit-on-all-streams-close --download="$OUT" h3wire 4433 -m POST -d "$POST" "$H3WIRE/sha256" && test "$(cat "$OUT/sha256")" = "$HEX_POST"	mandatory
trailers	ngtcp2	ngtcp2 $NGTCP2_TAG / nghttp3 $NGHTTP3_TAG	peer->h3wire	ngtcp2-client --no-quic-dump --no-http-dump --exit-on-all-streams-close h3wire 4433 "$H3WIRE/trailers" 2>"$OUT/log" && grep -A1 "trailers started" "$OUT/log" | grep -q "\[x-check: ok\]"	mandatory
concurrent (16)	ngtcp2	ngtcp2 $NGTCP2_TAG / nghttp3 $NGHTTP3_TAG	peer->h3wire	ngtcp2-client -q --exit-on-all-streams-close --download="$OUT" h3wire 4433 $(seq -f "$H3WIRE/bytes/1048576?n=%g" 16) && test "$(sha256sum "$OUT"/* | cut -d" " -f1 | sort | uniq -c | awk '{print $1, $2}')" = "16 $SHA_1M"	mandatory
GOAWAY	ngtcp2	ngtcp2 $NGTCP2_TAG / nghttp3 $NGHTTP3_TAG	peer->h3wire	ngtcp2-client -q --exit-on-all-streams-close --download="$OUT" h3wire 4433 "$H3WIRE/bytes/8388608" "$H3WIRE/goaway" && echo "$SHA_8M  $OUT/8388608" | sha256sum -c - && test "$(cat "$OUT/goaway")" = goaway	mandatory
GET	quiche	quiche $QUICHE_TAG	peer->h3wire	quiche-client --no-verify "$H3WIRE/bytes/1048576" >"$OUT/body" && echo "$SHA_1M  $OUT/body" | sha256sum -c -	mandatory
POST large body	quiche	quiche $QUICHE_TAG	peer->h3wire	out=$(quiche-client --no-verify --method POST --body "$POST" "$H3WIRE/sha256") && test "$out" = "$HEX_POST"	mandatory
trailers	quiche	quiche $QUICHE_TAG	peer->h3wire	RUST_LOG=debug quiche-client --no-verify "$H3WIRE/trailers" 2>"$OUT/log" >/dev/null && grep -q '("x-check", "ok")' "$OUT/log"	mandatory
concurrent (16)	quiche	quiche $QUICHE_TAG	peer->h3wire	quiche-client --no-verify -n 16 --dump-responses "$OUT" "$H3WIRE/bytes/1048576" && test "$(sha256sum "$OUT"/* | cut -d" " -f1 | sort | uniq -c | awk '{print $1, $2}')" = "16 $SHA_1M"	mandatory
GOAWAY	quiche	quiche $QUICHE_TAG	peer->h3wire	quiche-client --no-verify --dump-responses "$OUT" "$H3WIRE/bytes/8388608" "$H3WIRE/goaway" && echo "$SHA_8M  $OUT/8388608" | sha256sum -c - && test "$(cat "$OUT/goaway")" = goaway	mandatory
GET	ngtcp2	ngtcp2 $NGTCP2_TAG / nghttp3 $NGHTTP3_TAG	h3wire->peer	h3wire-client --ca "$CA" "$NGTCP2/bytes/1048576" --expect-sha256 "$SHA_1M"	mandatory
POST large body	ngtcp2	ngtcp2 $NGTCP2_TAG / nghttp3 $NGHTTP3_TAG	h3wire->peer	h3wire-client --ca "$CA" "$NGTCP2/bytes/1048576" --method POST --data-len 10485760 --expect-sha256 "$SHA_1M"	mandatory
trailers	ngtcp2	ngtcp2 $NGTCP2_TAG / nghttp3 $NGHTTP3_TAG	h3wire->peer	out=$(h3wire-client --ca "$CA" "$NGTCP2/bytes/1048576" --expect-sha256 "$SHA_1M") && echo "$out" | grep -q " trailers=x-ngtcp2-stream-id:0$"	mandatory
concurrent (16)	ngtcp2	ngtcp2 $NGTCP2_TAG / nghttp3 $NGHTTP3_TAG	h3wire->peer	out=$(h3wire-client --ca "$CA" "$NGTCP2/bytes/1048576" --concurrency 16 --expect-sha256 "$SHA_1M") && test "$(printf '%s\n' "$out" | wc -l)" = 16	mandatory
GOAWAY	ngtcp2	ngtcp2 $NGTCP2_TAG / nghttp3 $NGHTTP3_TAG	h3wire->peer	h3wire-client --ca "$CA" "$NGTCP2/bytes/8388608" --goaway --expect-sha256 "$SHA_8M"	mandatory
GET	quiche	quiche $QUICHE_TAG	h3wire->peer	h3wire-client --ca "$CA" "$QUICHE/bytes/1048576" --expect-sha256 "$SHA_1M"	mandatory
POST large body	quiche	quiche $QUICHE_TAG	h3wire->peer	# quiche-server answers only GET (405 to any other method) and stops reading every request stream after its HEADERS (STOP_SENDING), so it never reads an upload	unsupported-by-peer-tooling
trailers	quiche	quiche $QUICHE_TAG	h3wire->peer	# quiche-server sends no response trailers, and stops reading a request stream after its HEADERS (STOP_SENDING), so request trailers are not read either	unsupported-by-peer-tooling
concurrent (16)	quiche	quiche $QUICHE_TAG	h3wire->peer	out=$(h3wire-client --ca "$CA" "$QUICHE/bytes/1048576" --concurrency 16 --expect-sha256 "$SHA_1M") && test "$(printf '%s\n' "$out" | wc -l)" = 16	mandatory
GOAWAY	quiche	quiche $QUICHE_TAG	h3wire->peer	h3wire-client --ca "$CA" "$QUICHE/bytes/8388608" --goaway --expect-sha256 "$SHA_8M"	mandatory
Extended CONNECT (connect-udp)	curl	$CURL_TAG / ngtcp2 $NGTCP2_TAG / nghttp3 $NGHTTP3_TAG	peer->h3wire	# curl only speaks CONNECT-UDP as an HTTP/3 proxy client (--proxy-http3, experimental, USE_PROXY_HTTP3 build): it needs a proxy that forwards to a target, and the interop server only echoes (MASQUE interop is v0.3)	unsupported-by-peer-tooling
Extended CONNECT (connect-udp)	ngtcp2	ngtcp2 $NGTCP2_TAG / nghttp3 $NGHTTP3_TAG	peer->h3wire	# the ngtcp2 example client and server: no Extended CONNECT / RFC 9298 support	unsupported-by-peer-tooling
Extended CONNECT (connect-udp)	ngtcp2	ngtcp2 $NGTCP2_TAG / nghttp3 $NGHTTP3_TAG	h3wire->peer	# the ngtcp2 example client and server: no Extended CONNECT / RFC 9298 support	unsupported-by-peer-tooling
Extended CONNECT (connect-udp)	quiche	quiche $QUICHE_TAG	peer->h3wire	# quiche-client and quiche-server (--dgram-proto sends datagrams without Extended CONNECT): no Extended CONNECT / RFC 9298 support	unsupported-by-peer-tooling
Extended CONNECT (connect-udp)	quiche	quiche $QUICHE_TAG	h3wire->peer	# quiche-client and quiche-server (--dgram-proto sends datagrams without Extended CONNECT): no Extended CONNECT / RFC 9298 support	unsupported-by-peer-tooling
HTTP datagrams (RFC 9297)	curl	$CURL_TAG / ngtcp2 $NGTCP2_TAG / nghttp3 $NGHTTP3_TAG	peer->h3wire	# curl only speaks CONNECT-UDP as an HTTP/3 proxy client (--proxy-http3, experimental, USE_PROXY_HTTP3 build): it needs a proxy that forwards to a target, and the interop server only echoes (MASQUE interop is v0.3)	unsupported-by-peer-tooling
HTTP datagrams (RFC 9297)	ngtcp2	ngtcp2 $NGTCP2_TAG / nghttp3 $NGHTTP3_TAG	peer->h3wire	# the ngtcp2 example client and server: no HTTP datagram support tied to an Extended CONNECT stream	unsupported-by-peer-tooling
HTTP datagrams (RFC 9297)	ngtcp2	ngtcp2 $NGTCP2_TAG / nghttp3 $NGHTTP3_TAG	h3wire->peer	# the ngtcp2 example client and server: no HTTP datagram support tied to an Extended CONNECT stream	unsupported-by-peer-tooling
HTTP datagrams (RFC 9297)	quiche	quiche $QUICHE_TAG	peer->h3wire	# quiche-client and quiche-server (--dgram-proto sends datagrams without Extended CONNECT): no HTTP datagram support tied to an Extended CONNECT stream	unsupported-by-peer-tooling
HTTP datagrams (RFC 9297)	quiche	quiche $QUICHE_TAG	h3wire->peer	# quiche-client and quiche-server (--dgram-proto sends datagrams without Extended CONNECT): no HTTP datagram support tied to an Extended CONNECT stream	unsupported-by-peer-tooling
